{"Mean":{"confidence_interval":{"confidence_level":0.95,"lower_bound":4.112282252771786,"upper_bound":4.1300707810302155},"point_estimate":4.121017680693944,"standard_error":0.00454711883344755},"Median":{"confidence_interval":{"confidence_level":0.95,"lower_bound":4.1047632372977665,"upper_bound":4.125317842392706},"point_estimate":4.117706838164903,"standard_error":0.004905710785699754},"MedianAbsDev":{"confidence_interval":{"confidence_level":0.95,"lower_bound":0.027911303035414496,"upper_bound":0.04440392865400933},"point_estimate":0.033294915701051246,"standard_error":0.004156148024860908},"Slope":{"confidence_interval":{"confidence_level":0.95,"lower_bound":4.109523346000934,"upper_bound":4.121958282259662},"point_estimate":4.115486417277679,"standard_error":0.0031630143581532514},"StdDev":{"confidence_interval":{"confidence_level":0.95,"lower_bound":0.03661624724446732,"upper_bound":0.05421367122418166},"point_estimate":0.045702158950354496,"standard_error":0.004520162233901093}}